{
  "id": "1054033",
  "name": "社区交友",
  "font_family": "iconfont",
  "css_prefix_text": "icon-",
  "description": "",
  "glyphs": [
    {
      "icon_id": "2076308",
      "name": " 首页",
      "font_class": "shouye1",
      "unicode": "e89f",
      "unicode_decimal": 59551
    },
    {
      "icon_id": "9138960",
      "name": "首页",
      "font_class": "shouye2",
      "unicode": "e602",
      "unicode_decimal": 58882
    },
    {
      "icon_id": "827922",
      "name": "图片",
      "font_class": "tupian",
      "unicode": "e69f",
      "unicode_decimal": 59039
    },
    {
      "icon_id": "1025109",
      "name": "话题",
      "font_class": "huati",
      "unicode": "e612",
      "unicode_decimal": 58898
    },
    {
      "icon_id": "785013",
      "name": "菜单",
      "font_class": "caidan",
      "unicode": "e649",
      "unicode_decimal": 58953
    },
    {
      "icon_id": "1270661",
      "name": "发帖_icon",
      "font_class": "fatie_icon",
      "unicode": "e668",
      "unicode_decimal": 58984
    },
    {
      "icon_id": "5835468",
      "name": "好友",
      "font_class": "haoyou",
      "unicode": "e611",
      "unicode_decimal": 58897
    },
    {
      "icon_id": "4251748",
      "name": "评论",
      "font_class": "pinglun2",
      "unicode": "e648",
      "unicode_decimal": 58952
    },
    {
      "icon_id": "9974408",
      "name": "踩",
      "font_class": "cai",
      "unicode": "e701",
      "unicode_decimal": 59137
    },
    {
      "icon_id": "9974420",
      "name": "点赞",
      "font_class": "dianzan2",
      "unicode": "e702",
      "unicode_decimal": 59138
    },
    {
      "icon_id": "10423171",
      "name": "转发",
      "font_class": "zhuanfa1",
      "unicode": "e633",
      "unicode_decimal": 58931
    },
    {
      "icon_id": "4408960",
      "name": "首页",
      "font_class": "ziyuan",
      "unicode": "e619",
      "unicode_decimal": 58905
    },
    {
      "icon_id": "4408967",
      "name": "发现",
      "font_class": "ziyuan1",
      "unicode": "e61c",
      "unicode_decimal": 58908
    },
    {
      "icon_id": "4520183",
      "name": "消息",
      "font_class": "xiaoxi2",
      "unicode": "e691",
      "unicode_decimal": 59025
    },
    {
      "icon_id": "5057544",
      "name": "我的",
      "font_class": "wode",
      "unicode": "e61a",
      "unicode_decimal": 58906
    },
    {
      "icon_id": "1005778",
      "name": "支付宝",
      "font_class": "changyonglogo30",
      "unicode": "e717",
      "unicode_decimal": 59159
    },
    {
      "icon_id": "8574987",
      "name": "支付宝",
      "font_class": "zhifubao",
      "unicode": "e610",
      "unicode_decimal": 58896
    },
    {
      "icon_id": "1360",
      "name": "新浪微博",
      "font_class": "xinlangweibo",
      "unicode": "e601",
      "unicode_decimal": 58881
    },
    {
      "icon_id": "1126026",
      "name": "微信",
      "font_class": "weixin",
      "unicode": "e64f",
      "unicode_decimal": 58959
    },
    {
      "icon_id": "7340030",
      "name": "QQ",
      "font_class": "QQ",
      "unicode": "e71f",
      "unicode_decimal": 59167
    },
    {
      "icon_id": "90847",
      "name": "keyboard",
      "font_class": "keyboard",
      "unicode": "e71b",
      "unicode_decimal": 59163
    },
    {
      "icon_id": "363384",
      "name": "正确",
      "font_class": "zhengque",
      "unicode": "e60b",
      "unicode_decimal": 58891
    },
    {
      "icon_id": "697458",
      "name": "表情",
      "font_class": "smile",
      "unicode": "e64e",
      "unicode_decimal": 58958
    },
    {
      "icon_id": "749578",
      "name": "keyboard",
      "font_class": "keyboard1",
      "unicode": "e62f",
      "unicode_decimal": 58927
    },
    {
      "icon_id": "6129230",
      "name": "180会员、vip",
      "font_class": "huiyuanvip",
      "unicode": "e7b0",
      "unicode_decimal": 59312
    },
    {
      "icon_id": "6889977",
      "name": "选择-已选",
      "font_class": "xuanze-yixuan",
      "unicode": "e679",
      "unicode_decimal": 59001
    },
    {
      "icon_id": "6889981",
      "name": "选择 ",
      "font_class": "xuanze",
      "unicode": "e67c",
      "unicode_decimal": 59004
    },
    {
      "icon_id": "6889989",
      "name": "关闭",
      "font_class": "guanbi1",
      "unicode": "e67f",
      "unicode_decimal": 59007
    },
    {
      "icon_id": "6889995",
      "name": "增加 (2)",
      "font_class": "zengjia1",
      "unicode": "e682",
      "unicode_decimal": 59010
    },
    {
      "icon_id": "6958066",
      "name": "录音",
      "font_class": "luyin",
      "unicode": "e6dc",
      "unicode_decimal": 59100
    },
    {
      "icon_id": "7029932",
      "name": "清除",
      "font_class": "qingchu",
      "unicode": "e630",
      "unicode_decimal": 58928
    },
    {
      "icon_id": "7078993",
      "name": "地址",
      "font_class": "dizhi",
      "unicode": "e6f3",
      "unicode_decimal": 59123
    },
    {
      "icon_id": "7080456",
      "name": "关于我们",
      "font_class": "guanyuwomen",
      "unicode": "e6f7",
      "unicode_decimal": 59127
    },
    {
      "icon_id": "7080457",
      "name": "疑问",
      "font_class": "yiwen",
      "unicode": "e6f8",
      "unicode_decimal": 59128
    },
    {
      "icon_id": "7766777",
      "name": "icon_im_keyboard",
      "font_class": "icon_im_keyboard",
      "unicode": "eb97",
      "unicode_decimal": 60311
    },
    {
      "icon_id": "5127583",
      "name": "user-detail",
      "font_class": "user-detail",
      "unicode": "e845",
      "unicode_decimal": 59461
    },
    {
      "icon_id": "5262064",
      "name": "user_icon",
      "font_class": "user_icon",
      "unicode": "e60a",
      "unicode_decimal": 58890
    },
    {
      "icon_id": "3315407",
      "name": "点赞",
      "font_class": "dianzan1",
      "unicode": "e62a",
      "unicode_decimal": 58922
    },
    {
      "icon_id": "986681",
      "name": "女",
      "font_class": "nv",
      "unicode": "e647",
      "unicode_decimal": 58951
    },
    {
      "icon_id": "1311995",
      "name": "男",
      "font_class": "nan",
      "unicode": "e643",
      "unicode_decimal": 58947
    },
    {
      "icon_id": "6890225",
      "name": "播放",
      "font_class": "bofang",
      "unicode": "e6ac",
      "unicode_decimal": 59052
    },
    {
      "icon_id": "6889997",
      "name": "增加",
      "font_class": "zengjia",
      "unicode": "e684",
      "unicode_decimal": 59012
    },
    {
      "icon_id": "1240750",
      "name": "评论",
      "font_class": "pinglun1",
      "unicode": "e60f",
      "unicode_decimal": 58895
    },
    {
      "icon_id": "1929167",
      "name": "转发",
      "font_class": "zhuanfa",
      "unicode": "e627",
      "unicode_decimal": 58919
    },
    {
      "icon_id": "1263",
      "name": "哭脸",
      "font_class": "kulian",
      "unicode": "e600",
      "unicode_decimal": 58880
    },
    {
      "icon_id": "4735335",
      "name": "icon_笑脸-面",
      "font_class": "icon_xiaolian-mian",
      "unicode": "e650",
      "unicode_decimal": 58960
    },
    {
      "icon_id": "1272086",
      "name": "签到",
      "font_class": "qiandao",
      "unicode": "e609",
      "unicode_decimal": 58889
    },
    {
      "icon_id": "6887826",
      "name": "扫一扫",
      "font_class": "saoyisao",
      "unicode": "e604",
      "unicode_decimal": 58884
    },
    {
      "icon_id": "6887827",
      "name": "删除",
      "font_class": "shanchu",
      "unicode": "e605",
      "unicode_decimal": 58885
    },
    {
      "icon_id": "6887828",
      "name": "搜索",
      "font_class": "sousuo",
      "unicode": "e606",
      "unicode_decimal": 58886
    },
    {
      "icon_id": "6887829",
      "name": "评论",
      "font_class": "pinglun",
      "unicode": "e607",
      "unicode_decimal": 58887
    },
    {
      "icon_id": "6887831",
      "name": "设置",
      "font_class": "shezhi",
      "unicode": "e608",
      "unicode_decimal": 58888
    },
    {
      "icon_id": "6887869",
      "name": "进入",
      "font_class": "jinru",
      "unicode": "e60c",
      "unicode_decimal": 58892
    },
    {
      "icon_id": "6887870",
      "name": "返回",
      "font_class": "fanhui",
      "unicode": "e60d",
      "unicode_decimal": 58893
    },
    {
      "icon_id": "6887871",
      "name": "下拉展开",
      "font_class": "xialazhankai",
      "unicode": "e60e",
      "unicode_decimal": 58894
    },
    {
      "icon_id": "6887996",
      "name": "个人",
      "font_class": "geren",
      "unicode": "e628",
      "unicode_decimal": 58920
    },
    {
      "icon_id": "6887998",
      "name": "收藏",
      "font_class": "shoucang",
      "unicode": "e629",
      "unicode_decimal": 58921
    },
    {
      "icon_id": "6888391",
      "name": "消息 ",
      "font_class": "xiaoxi",
      "unicode": "e62d",
      "unicode_decimal": 58925
    },
    {
      "icon_id": "6888392",
      "name": "消息",
      "font_class": "xiaoxi1",
      "unicode": "e62e",
      "unicode_decimal": 58926
    },
    {
      "icon_id": "6888820",
      "name": "编辑 (1)",
      "font_class": "bianji",
      "unicode": "e64b",
      "unicode_decimal": 58955
    },
    {
      "icon_id": "6888848",
      "name": "编辑01",
      "font_class": "bianji1",
      "unicode": "e653",
      "unicode_decimal": 58963
    },
    {
      "icon_id": "6888851",
      "name": "刷新",
      "font_class": "shuaxin",
      "unicode": "e654",
      "unicode_decimal": 58964
    },
    {
      "icon_id": "6888893",
      "name": "发布",
      "font_class": "fabu",
      "unicode": "e661",
      "unicode_decimal": 58977
    },
    {
      "icon_id": "6888900",
      "name": "浏览",
      "font_class": "liulan",
      "unicode": "e666",
      "unicode_decimal": 58982
    },
    {
      "icon_id": "6889247",
      "name": "喜欢",
      "font_class": "xihuan",
      "unicode": "e671",
      "unicode_decimal": 58993
    },
    {
      "icon_id": "6889248",
      "name": "喜欢 ",
      "font_class": "xihuan1",
      "unicode": "e672",
      "unicode_decimal": 58994
    },
    {
      "icon_id": "6890165",
      "name": "关闭",
      "font_class": "guanbi",
      "unicode": "e6aa",
      "unicode_decimal": 59050
    },
    {
      "icon_id": "6890224",
      "name": "分享 ",
      "font_class": "fenxiang",
      "unicode": "e6ab",
      "unicode_decimal": 59051
    },
    {
      "icon_id": "7078847",
      "name": "点赞",
      "font_class": "ccdbaa",
      "unicode": "e6e9",
      "unicode_decimal": 59113
    },
    {
      "icon_id": "7078890",
      "name": "首页",
      "font_class": "shouye",
      "unicode": "e6ea",
      "unicode_decimal": 59114
    },
    {
      "icon_id": "7078895",
      "name": "点赞",
      "font_class": "dianzan",
      "unicode": "e6eb",
      "unicode_decimal": 59115
    },
    {
      "icon_id": "7080503",
      "name": "发现",
      "font_class": "faxian",
      "unicode": "e6f9",
      "unicode_decimal": 59129
    },
    {
      "icon_id": "7080518",
      "name": "更多2",
      "font_class": "gengduo",
      "unicode": "e6fc",
      "unicode_decimal": 59132
    },
    {
      "icon_id": "7080519",
      "name": "更多",
      "font_class": "gengduo1",
      "unicode": "e6fd",
      "unicode_decimal": 59133
    }
  ]
}
